cliente0,"Ã“culos de Sol SunStyle, Creme Hidratante ExtraSoft, Tapete ZenComfort, PelÃºcia CuteTeddyBear, Kit de Toalhas SoftLux, Love in the City, Almofada Decorativa CushyStyle, Moto Esportiva SpeedMaster"

cliente1,"Bolsa Feminina FashionLady, LoÃ§Ã£o Corporal BodyFresh, Creme Hidratante ExtraSoft, Anel de Noivado EternalLove, Corda de Pular JumpFit, Fitness, Luvas de Boxe FightMaster, Kit de Pintura ArtMaster"

cliente2,"Romance Amor Proibido, RelÃ³gio de Parede VintageClock, Vinho Tinto ClassicRed, Carregador PortÃ¡til PowerGo, Escova Dental ElÃ©trica CleanTeeth, Refrigerante SparklingFizz, Conjunto de JÃ³ias SparkleSet, Filme de AÃ§Ã£o ActionForce"

cliente3,"Depilador ElÃ©trico SilkSmooth, Tapete ZenComfort, Esmalte de Unhas ColorPop, Jogo de Panelas CuisineMaster, Escova Dental ElÃ©trica CleanTeeth, Filme de AÃ§Ã£o ActionForce, Anel de Diamante DiamondGlow, Kit de Pintura ArtMaster"

cliente4,"Kit de Pintura ArtMaster, Jogo de Tabuleiro FamilyFun, LoÃ§Ã£o Corporal BodyFresh, RelaxPro, Conjunto de JÃ³ias SparkleSet, Carro ElÃ©trico EcoDrive, Filmes, Biografia True Story"

cliente5,"Moto Custom ClassicCharm, Esmalte de Unhas ColorPop, Cerveja Artesanal CraftBrew, Carregador PortÃ¡til PowerGo, Conjunto de JÃ³ias SparkleSet, Sabonete LÃ­quido SoftClean, Carrinho de Controle Remoto SpeedRacer, Smartwatch SmartFit"

cliente6,"Bolsa Feminina FashionLady, Filme de AÃ§Ã£o ActionForce, Carrinho de Controle Remoto SpeedRacer, Creme Hidratante ExtraSoft, Anel de Noivado EternalLove, Carregador PortÃ¡til PowerGo, Camiseta Esportiva ActiveFit, Pulseira de Ouro GoldCharm"

cliente7,"Anel de Noivado EternalLove, RelÃ³gio de Parede VintageClock, Romance Amor Proibido, LenÃ§o de Seda SilkCharm, Escova Dental ElÃ©trica CleanTeeth, ChapÃ©u de Palha BeachStyle, Shampoo Anticaspa ScalpCare, Bicicleta ErgomÃ©trica FitCycle"

cliente8,"Carrinho de Controle Remoto SpeedRacer, Cerveja Artesanal CraftBrew, Ã“culos de Sol SunStyle, Escova Alisadora HairStyle, Smartwatch SmartFit, Jogo de Tabuleiro FamilyFun, TÃªnis de Corrida RunFast, JÃ³ias, Brinquedos"

cliente9,"Romance Amor Proibido, Horror Cinema, Carteira Masculina ManCard, Jogo de Tabuleiro FamilyFun, Ã“culos de Sol SunStyle, Shampoo Anticaspa ScalpCare, Anel de Noivado EternalLove, RelÃ³gio de Pulso TimeLux"

cliente10,"Tapete ZenComfort, Brinco de Prata SilverDrop, Biografia True Story, ChapÃ©u de Palha BeachStyle, Moto Custom ClassicCharm, Carrinho de Controle Remoto SpeedRacer, LenÃ§o de Seda SilkCharm, Almofada Decorativa CushyStyle"

cliente11,"RelÃ³gio de Parede VintageClock, Bola de Futebol ScoreMaster, Cerveja Artesanal CraftBre, Filme de AÃ§Ã£o ActionForce, Carregador PortÃ¡til PowerGo, Escova Dental ElÃ©trica CleanTeeth, JÃ³ias, Casa e DecoraÃ§Ã£o"

cliente12,"Horror Cinema, Bola de Futebol ScoreMaster, Camiseta Esportiva ActiveFit, Tapete ZenComfort, RelaxPro, Cinto de Couro LuxuryBelt, Tapete ZenComfort, Bolsa Feminina FashionLady"

cliente13,"Jogo de Tabuleiro FamilyFun, Camiseta Esportiva ActiveFit, Escova Dental ElÃ©trica CleanTeeth, Carteira Masculina ManCard, Anel de Diamante DiamondGlow, Luvas de Boxe FightMaster, Shampoo Anticaspa ScalpCare, Romance Amor Proibido"

cliente14,"Anel de Noivado EternalLove, Filme de AÃ§Ã£o ActionForce, Bicicleta ErgomÃ©trica FitCycle, JÃ³ias, Brinquedos, Laptop UltraBook Pro, RelÃ³gio de Pulso TimeLux, Filme de AÃ§Ã£o ActionForce"

cliente15,"Almofada Decorativa CushyStyle, Kit de Pintura ArtMaster, Tapete ZenComfort, Carrinho de Controle Remoto SpeedRacer, Pipa SkyHigh, ChapÃ©u de Palha BeachStyle, Carro Sedan LuxeDrive, Perfume Eau de BeautÃ©"

cliente16,"Brinco de Prata SilverDrop, Romance Amor Proibido, Bolsa Feminina FashionLady, Carregador PortÃ¡til PowerGo, Camiseta Esportiva ActiveFit, LoÃ§Ã£o Corporal BodyFresh, Filme de AÃ§Ã£o ActionForce, Anel de Diamante DiamondGlow"

cliente17,"Smartwatch SmartFit, JÃ³ias, Livros, Bolsa Feminina FashionLady, Smartwatch SmartFit, RelÃ³gio de Pulso TimeLux, Almofada Decorativa CushyStyle, Pipa SkyHigh"

cliente18,"Filme de AÃ§Ã£o ActionForce, Bolsa Feminina FashionLady, Ã“culos de Sol SunStyle, TÃªnis Esportivo FlexFit, Ã“culos de Sol SunStyle, Tablet iTech, Motos e Carros, Sapatilha BalletStyle"

cliente19,"Ã“culos de Sol SunStyle, Carrinho de Controle Remoto SpeedRacer, Romance Amor Proibido, Chocolates, Vinho Tinto ClassicRed, Almofada Decorativa CushyStyle, Carro Sedan LuxeDrive, Filme de AÃ§Ã£o ActionForce"

cliente20,"Bolsa Feminina FashionLady, Perfume Eau de BeautÃ©, Romance Amor Proibido, Cadeira de Massagem RelaxPro, Ã“culos de Sol SunStyle, JÃ³ias, Carro Sedan LuxeDrive, Depilador ElÃ©trico SilkSmooth"

cliente21,"Carrinho de Controle Remoto SpeedRacer, Cerveja Artesanal CraftBrew, Romance Amor Proibido, Tapete ZenComfort, Anel de Noivado EternalLove, Brinquedos, Suco de Frutas FruitSplash, Filme de AÃ§Ã£o ActionForce"

cliente22,"Depilador ElÃ©trico SilkSmooth, Jogo de Tabuleiro FamilyFun, JÃ³ias, Grip Anti-Stress Release, Perfume Eau de BeautÃ©, Salgadinho CrispyBite, Vinho Tinto ClassicRed, Filme de AÃ§Ã£o ActionForce"

cliente23,"Anel de Noivado EternalLove, Almofada Decorativa CushyStyle, Jogo de Tabuleiro FamilyFun, Filme de AÃ§Ã£o ActionForce, Ã“culos de Sol SunStyle, Ã“culos de Sol SunStyle, TÃªnis de Corrida RunFast, TÃªnis de Corrida RunFast"

cliente24,"Jogo de Tabuleiro FamilyFun, JÃ³ias, Ã“culos de Sol SunStyle, Anel de Diamante DiamondGlow, Ã“culos de Sol SunStyle, ChapÃ©u de Palha BeachStyle, Carteira Masculina ManCard, Filme de AÃ§Ã£o ActionForce"

cliente25,"Anel de Diamante DiamondGlow, Carro Sedan LuxeDrive, Bolsa Feminina FashionLady, Filme de AÃ§Ã£o ActionForce, TÃªnis de Corrida RunFast, Cerveja Artesanal CraftBrew, Escova Alisadora HairStyle, Jogo de Tabuleiro FamilyFun"

cliente26,"Tapete ZenComfort, Filme de AÃ§Ã£o ActionForce, Ã“culos de Sol SunStyle, Carro Sedan LuxeDrive, Romance Amor Proibido, Jogo de Tabuleiro FamilyFun, JÃ³ias, Suco de Frutas FruitSplash"

cliente27,"Carrinho de Controle Remoto SpeedRacer, Salgadinho CrispyBite, Romance Amor Proibido, Filme de AÃ§Ã£o ActionForce, Bolsa Feminina FashionLady, TÃªnis Esportivo FlexFit, Jogo de Tabuleiro FamilyFun, Escova Alisadora HairStyle"

cliente28,"Moto Esportiva SpeedMaster, TÃªnis de Corrida RunFast, TÃªnis de Corrida RunFast, Ã“culos de Sol SunStyle, Almofada Decorativa CushyStyle, Carteira Masculina ManCard, Camiseta Esportiva ActiveFit, Jogo de Tabuleiro FamilyFun"

cliente29,"Ã“culos de Sol SunStyle, Moto ElÃ©trica EcoRide, Bicicleta ErgomÃ©trica FitCycle, Almofada Decorativa CushyStyle, Moto Custom ClassicCharm, TÃªnis Esportivo FlexFit, Anel de Diamante DiamondGlow, Jogo de Tabuleiro FamilyFun"

cliente30,"RelÃ³gio de Pulso TimeLux, Laptop UltraBook Pro, Ã“culos de Sol SunStyle, Anel de Diamante DiamondGlow, Carregador PortÃ¡til PowerGo, Almofada Decorativa CushyStyle, Jogo de Tabuleiro FamilyFun, Kit de Toalhas SoftLux"

cliente31,"Romance Amor Proibido, Suco de Frutas FruitSplash, TÃªnis de Corrida RunFast, Livro de Suspense Dark Secrets, Biscoito DeliciousCrunch, RelÃ³gio de Pulso TimeLux, Filme de AÃ§Ã£o ActionForce, JÃ³ias"

cliente32,"Filme de AÃ§Ã£o ActionForce, Carregador PortÃ¡til PowerGo, Bolsa Feminina FashionLady, Anel de Noivado EternalLove, Ã“culos de Sol SunStyle, Anel de Noivado EternalLove, Perfume Eau de BeautÃ©, Escova Alisadora HairStyle"

cliente33,"Romance Amor Proibido, Cadeira de Massagem RelaxPro, Livros, Ã“culos de Sol SunStyle, Tapete ZenComfort, Filme de AÃ§Ã£o ActionForce, RelÃ³gio de Pulso TimeLux, Fitness"

cliente34,"Filme de AÃ§Ã£o ActionForce, Smartwatch SmartFit, Bolsa Feminina FashionLady, Brinquedos, Cadeira de Massagem RelaxPro, Filme de AÃ§Ã£o ActionForce, Ã“culos de Sol SunStyle, Anel de Noivado EternalLove"

cliente35,"JÃ³ias, JÃ³ias, Carro Sedan LuxeDrive, TÃªnis de Corrida RunFast, Ã“culos de Sol SunStyle, Kit de Toalhas SoftLux, Filme de AÃ§Ã£o ActionForce, Carrinho de Controle Remoto SpeedRacer"

cliente36,"ChapÃ©u de Palha BeachStyle, Tapete ZenComfort, Vinho Tinto ClassicRed, Romance Amor Proibido, RelÃ³gio de Parede VintageClock, Bolsa Feminina FashionLady, Cerveja Artesanal CraftBrew, Filme de AÃ§Ã£o ActionForce"

cliente37,"Bolsa Feminina FashionLady, Bolsa Feminina FashionLady, TÃªnis de Corrida RunFast, TÃªnis de Corrida RunFast, Romance Amor Proibido, Ã“culos de Sol SunStyle, TÃªnis Esportivo FlexFit, Suco de Frutas FruitSplash"

cliente38,"Anel de Diamante DiamondGlow, Cadeira de Massagem RelaxPro, Escova Dental ElÃ©trica CleanTeeth, Ã“culos de Sol SunStyle, LenÃ§o de Seda SilkCharm, TÃªnis de Corrida RunFast, Smartwatch SmartFit, Motos e Carros"

cliente39,"Carrinho de Controle Remoto SpeedRacer, Cerveja Artesanal CraftBrew, Ã“culos de Sol SunStyle, Anel de Noivado EternalLove, Jogo de Tabuleiro FamilyFun, Ã“culos de Sol SunStyle, Bola de Futebol ScoreMaster, Romance Amor Proibido"

cliente40,"ChapÃ©u de Palha BeachStyle, Filme de AÃ§Ã£o ActionForce, Romance Amor Proibido, Ã“culos de Sol SunStyle, Cerveja Artesanal CraftBrew, Escova Dental ElÃ©trica CleanTeeth, TÃªnis de Corrida RunFast, Suco de Frutas FruitSplash"

cliente41,"Perfume Eau de BeautÃ©, Jogo de Tabuleiro FamilyFun, TÃªnis de Corrida RunFast, JÃ³ias, Bolsa Feminina FashionLady, Filme de AÃ§Ã£o ActionForce, Filme de AÃ§Ã£o ActionForce, JÃ³ias"

cliente42,"RelÃ³gio de Pulso TimeLux, Jogo de Tabuleiro FamilyFun, Carteira Masculina ManCard, Filme de AÃ§Ã£o ActionForce, Romance Amor Proibido, JÃ³ias, TÃªnis de Corrida RunFast, Bolsa Feminina FashionLady"

cliente43,"Filme de AÃ§Ã£o ActionForce, JÃ³ias, Ã“culos de Sol SunStyle, ChapÃ©u de Palha BeachStyle, Ã“culos de Sol SunStyle, Romance Amor Proibido, Fitness, Brinquedos"

cliente44,"Carrinho de Controle Remoto SpeedRacer, Bola de Futebol ScoreMaster, Romance Amor Proibido, Ã“culos de Sol SunStyle, Anel de Noivado EternalLove, Ã“culos de Sol SunStyle, TÃªnis de Corrida RunFast, JÃ³ias"

cliente45,"TÃªnis de Corrida RunFast, TÃªnis de Corrida RunFast, Anel de Diamante DiamondGlow, Ã“culos de Sol SunStyle, Romance Amor Proibido, Ã“culos de Sol SunStyle, Carro Sedan LuxeDrive, Bolsa Feminina FashionLady"

cliente46,"CrÃ©dito de Presente, Smartwatch SmartFit, Romance Amor Proibido, Casacos e Jaquetas, Laptop UltraBook Pro, Carrinho de Controle Remoto SpeedRacer, Bolsa Feminina FashionLady, JÃ³ias"

cliente47,"Perfume Eau de BeautÃ©, Filme de AÃ§Ã£o ActionForce, Romance Amor Proibido, Ã“culos de Sol SunStyle, Jogo de Tabuleiro FamilyFun, Ã“culos de Sol SunStyle, Carro Sedan LuxeDrive, Livros"

cliente48,"Carrinho de Controle Remoto SpeedRacer, JÃ³ias, Ã“culos de Sol SunStyle, Bolsa Feminina FashionLady, Bolsa Feminina FashionLady, Ã“culos de Sol SunStyle, Filme de AÃ§Ã£o ActionForce, Livros"

cliente49,"Romance Amor Proibido, Fitness, Carro Sedan LuxeDrive, Bicicleta ErgomÃ©trica FitCycle, Romance Amor Proibido, Top de GinÃ¡stica FitStyle, Perfume Eau de BeautÃ©, Anel de Noivado EternalLove"

cliente50,"Brinco de Prata SilverDrop, Carregador PortÃ¡til PowerGo, Ã“culos de Sol SunStyle, Anel de Diamante DiamondGlow, Romance Amor Proibido, Livros, Filme de AÃ§Ã£o ActionForce, JÃ³ias"

cliente51,"Anel de Diamante DiamondGlow, JÃ³ias, Perfume Eau de BeautÃ©, Tapete ZenComfort, Anel de Noivado EternalLove, Bicicleta ErgomÃ©trica FitCycle, Ã“culos de Sol SunStyle, Almofada Decorativa CushyStyle"

cliente52,"Fitness, Jogo de Tabuleiro FamilyFun, Romance Amor Proibido, Ã“culos de Sol SunStyle, RelÃ³gio de Parede VintageClock, Romance Amor Proibido, Motos e Carros, CÃ¢mera Digital ClickShot"

cliente53,"TÃªnis de Corrida RunFast, Ã“culos de Sol SunStyle, Ã“culos de Sol SunStyle, Almofada Decorativa CushyStyle, RelaxPro, Filme de AÃ§Ã£o ActionForce, Bola de Futebol ScoreMaster, JÃ³ias"

cliente54,"Tapete ZenComfort, Romance Amor Proibido, Ã“culos de Sol SunStyle, Filme de AÃ§Ã£o ActionForce, Bolsa Feminina FashionLady, JÃ³ias, Perfume Eau de BeautÃ©, Smartwatch SmartFit"

cliente55,"Filme de AÃ§Ã£o ActionForce, JÃ³ias, Ã“culos de Sol SunStyle, Anel de Noivado EternalLove, Ã“culos de Sol SunStyle, Brinquedos, Romance Amor Proibido, Carrinho de Controle Remoto SpeedRacer"

cliente56,"Bicicleta ErgomÃ©trica FitCycle, Romance Amor Proibido, Jogo de Tabuleiro FamilyFun, Laptop UltraBook Pro, Jogo de Tabuleiro FamilyFun, Filme de AÃ§Ã£o ActionForce, Ã“culos de Sol SunStyle, JÃ³ias"

cliente57,"Bolsa Feminina FashionLady, Jantar para Dois, Carro Sedan LuxeDrive, Romance Amor Proibido, Romance Amor Proibido, Ã“culos de Sol SunStyle, Filme de AÃ§Ã£o ActionForce, JÃ³ias"

cliente58,"Suco de Frutas FruitSplash, Romance Amor Proibido, Smartwatch SmartFit, Romance Amor Proibido, Ã“culos de Sol SunStyle, Brinquedos, Ã“culos de Sol SunStyle, Aventura"

cliente59,"Bolsa Feminina FashionLady, Jantar para Dois, Carro Sedan LuxeDrive, Romance Amor Proibido, Romance Amor Proibido, Ã“culos de Sol SunStyle, Filme de AÃ§Ã£o ActionForce, JÃ³ias"

cliente60,"Suco de Frutas FruitSplash, Romance Amor Proibido, Smartwatch SmartFit, Romance Amor Proibido, Ã“culos de Sol SunStyle, Brinquedos, Ã“culos de Sol SunStyle, Aventura"

cliente61,"Almofada Decorativa CushyStyle, Jogo de Tabuleiro FamilyFun, Anel de Diamante DiamondGlow, Anel de Noivado EternalLove, Romance Amor Proibido, Filme de AÃ§Ã£o ActionForce, Bolsa Feminina FashionLady, JÃ³ias"

cliente62,"Cerveja Artesanal CraftBrew, Filme de AÃ§Ã£o ActionForce, Ã“culos de Sol SunStyle, Bicicleta ErgomÃ©trica FitCycle, Carro Sedan LuxeDrive, Carregador PortÃ¡til PowerGo, Romance Amor Proibido, Jogo de Tabuleiro FamilyFun"

cliente63,"Smartwatch SmartFit, Fitness, Romance Amor Proibido, Moto ElÃ©trica EcoRide, Ã“culos de Sol SunStyle, Anel de Diamante DiamondGlow, Romance Amor Proibido, Livros"

cliente64,"CrÃ©dito de Presente, Romance Amor Proibido, Carro Sedan LuxeDrive, MÃ³veis Modernos, Laptop UltraBook Pro, Ã“culos de Sol SunStyle, Almofada Decorativa CushyStyle, Filme de AÃ§Ã£o ActionForce"

cliente65,"Bolsa Feminina FashionLady, Jantar para Dois, Carro Sedan LuxeDrive, Romance Amor Proibido, Romance Amor Proibido, Ã“culos de Sol SunStyle, Filme de AÃ§Ã£o ActionForce, JÃ³ias"

cliente66,"Suco de Frutas FruitSplash, Romance Amor Proibido, Smartwatch SmartFit, Romance Amor Proibido, Ã“culos de Sol SunStyle, Brinquedos, Ã“culos de Sol SunStyle, Aventura"

cliente67,"Bolsa Feminina FashionLady, Jantar para Dois, Carro Sedan LuxeDrive, Romance Amor Proibido, Romance Amor Proibido, Ã“culos de Sol SunStyle, Filme de AÃ§Ã£o ActionForce, JÃ³ias"

cliente68,"Suco de Frutas FruitSplash, Romance Amor Proibido, Smartwatch SmartFit, Romance Amor Proibido, Ã“culos de Sol SunStyle, Brinquedos, Ã“culos de Sol SunStyle, Aventura"

cliente69,"Romance Amor Proibido, Romance Amor Proibido, Ã“culos de Sol SunStyle, Romance Amor Proibido, Chocolates, MÃºsica, Jantar para Dois, Carro Sedan LuxeDrive"

cliente70,"Livros, JÃ³ias, Cinema, Ã“culos de Sol SunStyle, Anel de Diamante DiamondGlow, Carro Sedan LuxeDrive, Romance Amor Proibido, Ã“culos de Sol SunStyle"

cliente71,"Filme de AÃ§Ã£o ActionForce, Carregador PortÃ¡til PowerGo, Ã“culos de Sol SunStyle, Romance Amor Proibido, Bolsa Feminina FashionLady, Retrospectiva 2019, Bicicleta ErgomÃ©trica FitCycle, JÃ³ias"

cliente72,"Bolsa Feminina FashionLady, Retrospectiva 2019, Controle Remoto Universal HomeCommand, Bolsa Feminina FashionLady, Cerveja Artesanal CraftBrew, RelÃ³gio de Pulso TimeLux, JÃ³ias, Laptop UltraBook Pro"

cliente73,"Ã“culos de Sol SunStyle, Anel de Diamante DiamondGlow, Laptop UltraBook Pro, Romance Amor Proibido, Romance Amor Proibido, Carro Sedan LuxeDrive, Retrospectiva 2019, JÃ³ias"

cliente74,"Anel de Diamante DiamondGlow, Almofada Decorativa CushyStyle, Romance Amor Proibido, Cerveja Artesanal CraftBrew, Romance Amor Proibido, Ã“culos de Sol SunStyle, Carro Sedan LuxeDrive, JÃ³ias"

cliente75,"JÃ³ias, Ã“culos de Sol SunStyle, Anel de Diamante DiamondGlow, Retrospectiva 2019, Ã“culos de Sol SunStyle, Perfume Eau de BeautÃ©, Romance Amor Proibido, Carro Sedan LuxeDrive"

cliente76,"Bolsa Feminina FashionLady, Retrospectiva 2019, Romance Amor Proibido, Carregador PortÃ¡til PowerGo, Anel de Diamante DiamondGlow, Romance Amor Proibido, Ã“culos de Sol SunStyle, Carro Sedan LuxeDrive"

cliente77,"Almofada Decorativa CushyStyle, Tapete ZenComfort, Ã“culos de Sol SunStyle, TÃªnis de Corrida RunFast, Anel de Diamante DiamondGlow, Carrinho de Controle Remoto SpeedRacer, Ã“culos de Sol SunStyle, Bags"

cliente78,"Tapete ZenComfort, Romance Amor Proibido, Ã“culos de Sol SunStyle, Romance Amor Proibido, Romance Amor Proibido, Ã“culos de Sol SunStyle, Carro Sedan LuxeDrive, Romance Amor Proibido"

cliente79,"Produto CombustÃ­vel, Perfumaria, Pet Shop, Ã“culos de Sol SunStyle, Romance Amor Proibido, Carro Sedan LuxeDrive, Romance Amor Proibido, Ã“culos de Sol SunStyle"

cliente80,"Jogo de Tabuleiro FamilyFun, Ã“culos de Sol SunStyle, ChapÃ©u de Palha BeachStyle, Romance Amor Proibido, Bolsa Feminina FashionLady, Smartwatch SmartFit, TÃªnis de Corrida RunFast, Anel de Noivado EternalLove"

cliente81,"Romance Amor Proibido, CÃ¢mera Digital ClickShot, Ã“culos de Sol SunStyle, Anel de Diamante DiamondGlow, Romance Amor Proibido, Ã“culos de Sol SunStyle, Romance Amor Proibido, Romance Amor Proibido"

cliente82,"Tablet iTech, Bateria Extra, Ultrabook UltraThin, Jogo de Tabuleiro FamilyFun, Romance Amor Proibido, Ã“culos de Sol SunStyle, MÃ¡quina de CafÃ© CoffeMake, Suco de Frutas FruitSplash"

cliente83,"RelÃ³gio de Pulso TimeLux, TÃªnis de Corrida RunFast, Romance Amor Proibido, Ã“culos de Sol SunStyle, Jogo de Tabuleiro FamilyFun, Ã“culos de Sol SunStyle, Perfume Eau de BeautÃ©, Tapete ZenComfort"

cliente84,"RelÃ³gio de Parede VintageClock, Romance Amor Proibido, Romance Amor Proibido, Ã“culos de Sol SunStyle, Romance Amor Proibido, Ã“culos de Sol SunStyle, Filme de AÃ§Ã£o ActionForce, Bolsa Feminina FashionLady"

cliente85,"Romance Amor Proibido, Ã“culos de Sol SunStyle, Ã“culos de Sol SunStyle, Romance Amor Proibido, Romance Amor Proibido, Ã“culos de Sol SunStyle, Carro Sedan LuxeDrive, Bolsa Feminina FashionLady"

cliente86,"Bolsa Feminina FashionLady, Filme de AÃ§Ã£o ActionForce, Romance Amor Proibido, Ã“culos de Sol SunStyle, Ã“culos de Sol SunStyle, Jogo de Tabuleiro FamilyFun, JÃ³ias, Romance Amor Proibido"

cliente87,"Bolsa Feminina FashionLady, Romance Amor Proibido, Romance Amor Proibido, Bolsa Feminina FashionLady, Gatos e Cachorros, Ã“culos de Sol SunStyle, Romance Amor Proibido, Ã“culos de Sol SunStyle"

cliente88,"Perfume Eau de BeautÃ©, Ã“culos de Sol SunStyle, Romance Amor Proibido, Ã“culos de Sol SunStyle, Romance Amor Proibido, Carro Sedan LuxeDrive, TÃªnis de Corrida RunFast, Bolsa Feminina FashionLady"

cliente89,"Romance Amor Proibido, Romance Amor Proibido, Romance Amor Proibido, Romance Amor Proibido, Ã“culos de Sol SunStyle, Bolsa Feminina FashionLady, Jogo de Tabuleiro FamilyFun, Ã“culos de Sol SunStyle"

cliente90,"Ã“culos de Sol SunStyle, Romance Amor Proibido, Bolsa Feminina FashionLady, Romance Amor Proibido, Romance Amor Proibido, Ã“culos de Sol SunStyle, Brinquedos, Brinquedos"

cliente91,"Romance Amor Proibido, Romance Amor Proibido, Ã“culos de Sol SunStyle, Cachecol FashionStyle, Bolsa Feminina FashionLady, Ã“culos de Sol SunStyle, Romance Amor Proibido, Romance Amor Proibido"

cliente92,"Perfume Eau de BeautÃ©, Romance Amor Proibido, Ã“culos de Sol SunStyle, Romance Amor Proibido, Romance Amor Proibido, Ã“culos de Sol SunStyle, Carro Sedan LuxeDrive, Gatos e Cachorros"

cliente93,"Romance Amor Proibido, Romance Amor Proibido, Romance Amor Proibido, Romance Amor Proibido, Bolsa Feminina FashionLady, Ã“culos de Sol SunStyle, Romance Amor Proibido, Ã“culos de Sol SunStyle"

cliente94,"Bolsa Feminina FashionLady, Bolsa Feminina FashionLady, Brinquedos, TÃªnis de Corrida RunFast, Ã“culos de Sol SunStyle, Slide Aerobics, Carro Sedan LuxeDrive, Ã“culos de Sol SunStyle"

cliente95,"Perfume Eau de BeautÃ©, Romance Amor Proibido, Ã“culos de Sol SunStyle, Brincos de Prata, Romance Amor Proibido, Ã“culos de Sol SunStyle, Romance Amor Proibido, CÃ¢mera Digital ClickShot"

cliente96,"Romance Amor Proibido, CÃ¢mera Digital ClickShot, Romance Amor Proibido, Romance Amor Proibido, Tapete ZenComfort, Ã“culos de Sol SunStyle, Romance Amor Proibido, Ã“culos de Sol SunStyle"

cliente97,"Raquete de TÃªnis PowerShot, Romance Amor Proibido, Fone de Ouvido sem fio SoundMax, Ã“culos de Sol SunStyle, Ã“culos de Sol SunStyle, Romance Amor Proibido, Romance Amor Proibido, Romance Amor Proibido"

cliente98,"Romance Amor Proibido, Romance Amor Proibido, Romance Amor Proibido, Bolsa Feminina FashionLady, Bola de Futebol ScoreMaster, Bolsa Feminina FashionLady, Ã“culos de Sol SunStyle, RelÃ³gio de Parede VintageClock"

cliente99,"Ã“culos de Sol SunStyle, Romance Amor Proibido, Ã“culos de Sol SunStyle, Romance Amor Proibido, Romance Amor Proibido, Ã“culos de Sol SunStyle, Romance Amor Proibido, JÃ³ias"
